id,file,node,lineNumber,metadata
line:0e7faf1,C:\Users\kians\OneDrive\Documenten\CMGT\Year 3\Project Show-off\Project-Show-Off\Assets\Scripts\Yarnspinner\Charli.yarn,Charli,3,lastline
line:0bc1fed,C:\Users\kians\OneDrive\Documenten\CMGT\Year 3\Project Show-off\Project-Show-Off\Assets\Scripts\Yarnspinner\Charli.yarn,Charli,5,lastline
line:0aeeee9,C:\Users\kians\OneDrive\Documenten\CMGT\Year 3\Project Show-off\Project-Show-Off\Assets\Scripts\Yarnspinner\Charli.yarn,Charli,7,lastline
line:03a3f7a,C:\Users\kians\OneDrive\Documenten\CMGT\Year 3\Project Show-off\Project-Show-Off\Assets\Scripts\Yarnspinner\Charli.yarn,Charli,14,lastline
line:06a9f7f,C:\Users\kians\OneDrive\Documenten\CMGT\Year 3\Project Show-off\Project-Show-Off\Assets\Scripts\Yarnspinner\Charli.yarn,Charli,16,lastline
line:080120c,C:\Users\kians\OneDrive\Documenten\CMGT\Year 3\Project Show-off\Project-Show-Off\Assets\Scripts\Yarnspinner\Charli.yarn,Charli,19,lastline
line:0e4c303,C:\Users\kians\OneDrive\Documenten\CMGT\Year 3\Project Show-off\Project-Show-Off\Assets\Scripts\Yarnspinner\Cloudy.yarn,Cloudy,3,lastline
line:0526be3,C:\Users\kians\OneDrive\Documenten\CMGT\Year 3\Project Show-off\Project-Show-Off\Assets\Scripts\Yarnspinner\Cloudy.yarn,Cloudy,7,lastline
line:0ab1268,C:\Users\kians\OneDrive\Documenten\CMGT\Year 3\Project Show-off\Project-Show-Off\Assets\Scripts\Yarnspinner\Fruity.yarn,Fruity,3,lastline
line:075694e,C:\Users\kians\OneDrive\Documenten\CMGT\Year 3\Project Show-off\Project-Show-Off\Assets\Scripts\Yarnspinner\Fruity.yarn,Fruity,5,lastline
line:0d7cc7c,C:\Users\kians\OneDrive\Documenten\CMGT\Year 3\Project Show-off\Project-Show-Off\Assets\Scripts\Yarnspinner\Fruity.yarn,Fruity,7,lastline
line:0b3248a,C:\Users\kians\OneDrive\Documenten\CMGT\Year 3\Project Show-off\Project-Show-Off\Assets\Scripts\Yarnspinner\Fruity.yarn,Fruity,9,lastline
line:0fe9385,C:\Users\kians\OneDrive\Documenten\CMGT\Year 3\Project Show-off\Project-Show-Off\Assets\Scripts\Yarnspinner\Fruity.yarn,Fruity,11,lastline
line:037b69a,C:\Users\kians\OneDrive\Documenten\CMGT\Year 3\Project Show-off\Project-Show-Off\Assets\Scripts\Yarnspinner\Kitty.yarn,Kitty,3,lastline
line:Potato-1,C:\Users\kians\OneDrive\Documenten\CMGT\Year 3\Project Show-off\Project-Show-Off\Assets\Scripts\Yarnspinner\Potato.yarn,Potato,3,lastline
line:059c5e3,C:\Users\kians\OneDrive\Documenten\CMGT\Year 3\Project Show-off\Project-Show-Off\Assets\Scripts\Yarnspinner\Potato.yarn,Potato,7,lastline
line:06691c9,C:\Users\kians\OneDrive\Documenten\CMGT\Year 3\Project Show-off\Project-Show-Off\Assets\Scripts\Yarnspinner\Potato.yarn,Potato,15,lastline
line:09d14c6,C:\Users\kians\OneDrive\Documenten\CMGT\Year 3\Project Show-off\Project-Show-Off\Assets\Scripts\Yarnspinner\Potato.yarn,Potato_InProgress,26,lastline
line:0384f32,C:\Users\kians\OneDrive\Documenten\CMGT\Year 3\Project Show-off\Project-Show-Off\Assets\Scripts\Yarnspinner\Potato.yarn,Potato_InProgress,30,lastline
line:0aed78e,C:\Users\kians\OneDrive\Documenten\CMGT\Year 3\Project Show-off\Project-Show-Off\Assets\Scripts\Yarnspinner\Potato.yarn,Potato_InProgress,34,lastline
line:077e3e3,C:\Users\kians\OneDrive\Documenten\CMGT\Year 3\Project Show-off\Project-Show-Off\Assets\Scripts\Yarnspinner\Potato.yarn,Potato_InProgress,37,lastline
